{
  "editor:toggle-blockquote": [
    {
      "modifiers": [
        "Mod"
      ],
      "key": "J"
    }
  ],
  "editor:toggle-highlight": [
    {
      "modifiers": [
        "Mod"
      ],
      "key": "H"
    }
  ],
  "open-with-default-app:open": [
    {
      "modifiers": [
        "Alt"
      ],
      "key": "3"
    }
  ],
  "open-with-default-app:show": [
    {
      "modifiers": [
        "Alt"
      ],
      "key": "2"
    }
  ],
  "note-composer:split-file": [
    {
      "modifiers": [
        "Mod"
      ],
      "key": "E"
    }
  ],
  "markdown:toggle-preview": [],
  "editor:attach-file": [
    {
      "modifiers": [
        "Mod",
        "Shift"
      ],
      "key": "A"
    }
  ],
  "app:delete-file": [
    {
      "modifiers": [
        "Mod",
        "Shift"
      ],
      "key": "D"
    }
  ],
  "insert-template": [
    {
      "modifiers": [
        "Mod",
        "Shift"
      ],
      "key": "T"
    }
  ],
  "workspace:undo-close-pane": [],
  "file-explorer:move-file": [
    {
      "modifiers": [
        "Mod"
      ],
      "key": "M"
    }
  ],
  "workspace:edit-file-title": [
    {
      "modifiers": [
        "Alt",
        "Ctrl"
      ],
      "key": "R"
    }
  ]
}