{
  "main": {
    "id": "062bb2dd732d5070",
    "type": "split",
    "children": [
      {
        "id": "2da49ba4f4864e3b",
        "type": "tabs",
        "children": [
          {
            "id": "f4eb45722f6f6850",
            "type": "leaf",
            "state": {
              "type": "kanban",
              "state": {
                "file": "Kanban/Kanban board.md"
              }
            }
          },
          {
            "id": "5cf08ce431171d54",
            "type": "leaf",
            "state": {
              "type": "markdown",
              "state": {
                "file": "Mind Map/Check box.md",
                "mode": "source",
                "source": false
              }
            }
          },
          {
            "id": "9517e1d587320225",
            "type": "leaf",
            "state": {
              "type": "canvas",
              "state": {
                "file": "Canvas/Reference Manager.canvas",
                "viewState": {
                  "x": 89,
                  "y": 331,
                  "zoom": -2.2235074761704356
                }
              }
            }
          },
          {
            "id": "e399f97bd7a1a7f3",
            "type": "leaf",
            "state": {
              "type": "canvas",
              "state": {
                "file": "Canvas/Book Dashboard.canvas",
                "viewState": {
                  "x": 1900,
                  "y": 80,
                  "zoom": -2.068972142079119
                }
              }
            }
          }
        ],
        "currentTab": 3
      }
    ],
    "direction": "vertical"
  },
  "left": {
    "id": "705a183a696bd344",
    "type": "split",
    "children": [
      {
        "id": "893caea0b62ba53c",
        "type": "tabs",
        "children": [
          {
            "id": "65e9c833c39092e4",
            "type": "leaf",
            "state": {
              "type": "file-explorer",
              "state": {
                "sortOrder": "alphabetical"
              }
            }
          },
          {
            "id": "79030114292247cd",
            "type": "leaf",
            "state": {
              "type": "search",
              "state": {
                "query": "",
                "matchingCase": false,
                "explainSearch": false,
                "collapseAll": false,
                "extraContext": false,
                "sortOrder": "alphabetical"
              }
            }
          },
          {
            "id": "6122b32f9984510f",
            "type": "leaf",
            "state": {
              "type": "starred",
              "state": {}
            }
          },
          {
            "id": "f4ab73e5ca81d4fd",
            "type": "leaf",
            "state": {
              "type": "bookmarks",
              "state": {}
            }
          }
        ]
      }
    ],
    "direction": "horizontal",
    "width": 232.5
  },
  "right": {
    "id": "f1027b9aeedb0cb5",
    "type": "split",
    "children": [
      {
        "id": "f6e93ef09024c4cb",
        "type": "tabs",
        "children": [
          {
            "id": "7832789618f5a81a",
            "type": "leaf",
            "state": {
              "type": "backlink",
              "state": {
                "file": "Canvas/Book Dashboard.canvas",
                "collapseAll": false,
                "extraContext": false,
                "sortOrder": "alphabetical",
                "showSearch": false,
                "searchQuery": "",
                "backlinkCollapsed": false,
                "unlinkedCollapsed": true
              }
            }
          },
          {
            "id": "5ebfab15fcc5d8d9",
            "type": "leaf",
            "state": {
              "type": "outgoing-link",
              "state": {
                "file": "Canvas/Book Dashboard.canvas",
                "linksCollapsed": false,
                "unlinkedCollapsed": true
              }
            }
          },
          {
            "id": "897d8f0c7eaed2e2",
            "type": "leaf",
            "state": {
              "type": "tag",
              "state": {
                "sortOrder": "frequency",
                "useHierarchy": true
              }
            }
          },
          {
            "id": "6857a43a16461b86",
            "type": "leaf",
            "state": {
              "type": "outline",
              "state": {
                "file": "Canvas/Book Dashboard.canvas"
              }
            }
          },
          {
            "id": "ccc3dcce557eede7",
            "type": "leaf",
            "state": {
              "type": "calendar",
              "state": {}
            }
          }
        ],
        "currentTab": 4
      }
    ],
    "direction": "horizontal",
    "width": 300,
    "collapsed": true
  },
  "left-ribbon": {
    "hiddenItems": {
      "switcher:Open quick switcher": false,
      "graph:Open graph view": false,
      "canvas:Create new canvas": false,
      "daily-notes:Open today's daily note": false,
      "templates:Insert template": false,
      "command-palette:Open command palette": false,
      "dbfolder:Create a new database table": false,
      "obsidian-excalidraw-plugin:Create new drawing": false
    }
  },
  "active": "e399f97bd7a1a7f3",
  "lastOpenFiles": [
    "Canvas/Brainstorm.canvas",
    "Canvas/Homepage.canvas",
    "Canvas/Library Dashboard.canvas",
    "Canvas/Media Dashboard.canvas",
    "Canvas/Reference Manager.canvas",
    "Canvas/Sample.canvas",
    "Canvas/Research Mindmap.canvas",
    "Canvas/Start here.canvas",
    "Canvas/Book Dashboard.canvas",
    "Canvas/Readme canvas.md",
    "Introduction SLR and AI.md",
    "__Templates/Zettelkasten.md",
    "__Templates/Test.md",
    "__Templates/Survey.md",
    "__Templates/MOC.md",
    "__Templates/Lecture Notes.md",
    "__Templates/Daily Todo.md",
    "__Templates/Daily Template.md",
    "__Templates/Daily Notes.md",
    "__Templates/Blog Post.md",
    "__Templates/Bibliography.md",
    "Dataview/Dataview 1.md",
    "Dataview/Dataview Templates.md",
    "Excalidraw/0 Start.md",
    "Excalidraw/API gateway.md",
    "Markdown/Markdown.md",
    "Zettelkasten/Zettelkasten.md",
    "Mind Map/Readme Mind map.md",
    "Mind Map/Check box.md",
    "Kanban/Readme Kanban Plugin.md",
    "Kanban/Kanban board.md",
    "📚 Reading List.md",
    "Mind Map/IoT blockchain.md",
    "Exercise 1/Session 2.md",
    "__Media/Zettelkasten steps.png",
    "Canvas",
    "Kanban",
    "Zotero",
    "Markdown",
    "__Media/Pasted Image 20240202102119_150.png",
    "Zettelkasten",
    "Z",
    "Dataview",
    "__Papers/Waleed 2023.pdf",
    "__Papers/Shahizan 2020.pdf",
    "__Papers/Dhekre 2023.pdf",
    "Pasted Image 20240202101844_201.png",
    "__Media/Pasted Image 20240202095039_003.jpg",
    "__Media/Screenshot 2022-12-14 at 17.03.26.jpg",
    "__Media/Pasted image 20221214131115.png",
    "__Media/Pasted image 20221214125814.png",
    "__Media/Pasted image 20221214124807.png",
    "__Media/Pasted image 20221214123958.png",
    "__Media/Pasted image 20221214122340.png",
    "Untitled 1.canvas",
    "Untitled 2.canvas"
  ]
}